AUC Image,AP Image,AUC Pixel,AP Pixel,Pro Pixel
0.9624407673654218,0.9779262454370856,0.926123947300556,0.6306734112388708,0.8375563457455114
