AUC Image,AP Image,AUC Pixel,AP Pixel,Pro Pixel
0.9809698544159404,0.9915739617402437,0.9842459300165143,0.7692205919561641,0.9261694669036923
